GROUP,PACKAGE,CLASS,INSTRUCTION_MISSED,INSTRUCTION_COVERED,BRANCH_MISSED,BRANCH_COVERED,LINE_MISSED,LINE_COVERED,COMPLEXITY_MISSED,COMPLEXITY_COVERED,METHOD_MISSED,METHOD_COVERED
learningjavamaven,com.wizeline.maven.learningjavamaven.enums,AccountType,0,34,0,0,0,2,0,1,0,1
learningjavamaven,com.wizeline.maven.learningjavamaven.enums,Country,0,34,0,0,0,2,0,1,0,1
learningjavamaven,com.wizeline.maven.learningjavamaven.utils,Utils,7,88,2,2,3,19,3,10,1,10
learningjavamaven,com.wizeline.maven.learningjavamaven.iterator,IteratorImpl,7,52,2,4,2,12,2,4,0,3
learningjavamaven,com.wizeline.maven.learningjavamaven.iterator,BankAccountDTOCollectionImpl,6,21,0,0,1,3,1,3,1,3
learningjavamaven,com.wizeline.maven.learningjavamaven.batch,UserJob,0,44,0,0,0,12,0,3,0,3
learningjavamaven,com.wizeline.maven.learningjavamaven.batch,UserReader,29,38,2,0,6,4,2,2,1,2
learningjavamaven,com.wizeline.maven.learningjavamaven.batch,BankAccountJob,0,96,0,0,0,19,0,7,0,7
learningjavamaven,com.wizeline.maven.learningjavamaven.batch,UserWriter,19,7,2,0,5,2,2,2,1,2
learningjavamaven,com.wizeline.maven.learningjavamaven.batch,BankAccountItemProcessor,0,29,0,0,0,7,0,3,0,3
learningjavamaven,com.wizeline.maven.learningjavamaven.batch,UserProcessor,9,7,0,0,3,2,1,2,1,2
learningjavamaven,com.wizeline.maven.learningjavamaven.batch,BatchJobCompletionListener,0,33,1,1,0,6,1,3,0,3
learningjavamaven,com.wizeline.maven.learningjavamaven.controller,BankAccountController,114,321,3,9,26,75,5,18,2,15
learningjavamaven,com.wizeline.maven.learningjavamaven.controller,JAXBController,3,96,0,0,2,22,0,5,0,5
learningjavamaven,com.wizeline.maven.learningjavamaven.controller,UserController,61,77,1,1,13,18,3,4,2,4
learningjavamaven,com.wizeline.maven.learningjavamaven.controller,BatchController,27,3,0,0,7,1,1,1,1,1
learningjavamaven,com.wizeline.maven.learningjavamaven.controller,BankCardController,0,55,0,2,0,11,0,5,0,4
